,0,1,2,3,4,5,6,7,8,9,10,11,12,13,14,15,16,17,18,19,20,21,22,23,24,25,26,27,28,29,30,31,32,33,34,35,36,37,38,39,40,41,42,43,44,45,46,47,48,49,50,51,52,53,54,55,56,57,58,59,60,61,62,63,64,65,66,67,68,69,70,71,72,73,74,75,76,77,78,79,80,81,82,83,84,85,86,87,88,89,90,91,92,93,94,95,96,97,98,99,100,101,102,103,104,105,106,107,108,109,110,111,112,113,114,115,116,117,118,119,120,121,122,123,124,125,126,127,128,129,130,131,132,133,134,135,136,137,138,139,140,141,142,143,144,145,146,147,148,149,150,151,152,153,154,155,156
0,1.6668791090203405,0.9138893881970899,1.1155727107933078,0.8494528693893293,0.9346536121352862,1.4279253070818507,1.0384886754998237,1.3213060600256186,0.802117639355294,0.747107652580093,1.2007200726977456,0.8706416240778673,0.9434342741712191,1.037783611881393,0.0,1.1480855133542962,0.9488814880645317,1.3050851740127185,1.0279382786979956,0.7134386505919208,0.6620598360301055,1.1549188147698068,0.5773620150630305,1.028904780872089,0.8923116415566498,0.9052198747573101,1.0145981793768961,1.618146981149772,0.9784318812750789,0.743805879059586,1.4050557043504992,0.7227564427322414,0.9199535442557196,0.618478429740497,0.8951821615765022,1.177444554042977,1.321956993327305,0.8760974525502816,0.569678870596225,1.2734847468794528,0.4694895207103713,0.8334955843001876,1.0943621372677144,1.3853833802976956,0.5251148577864115,1.2569480831519422,0.427198411185972,1.07840315244263,1.1373473832901906,0.7459692179803089,1.2350890909620231,0.8894059707981709,0.604609424459462,1.2023275661510326,0.8425290737314298,0.9412631463875469,0.19248210392812226,0.6679506769447994,0.9069838353107041,1.3197036091866192,1.2636377059489527,0.9539110872031656,0.7365750220309735,0.8214130219677586,0.5644900469270009,1.0161671883555674,0.6939262227506013,1.279522000114867,1.1383168915675195,1.0446253969596644,1.2701824377353688,0.8991679542431569,1.2337535810820242,0.9457663029763972,1.1044994006616613,1.0240440757283675,0.2896346367539627,1.0968027302472232,1.3263410149790502,1.2607975485007592,0.47304037276826816,0.9250259622181428,1.1216434146305683,1.3365115292825551,1.321212234556214,1.011180672479378,1.1423029606899768,0.905658225674034,1.6303588362580248,1.1296875061809128,0.9792936664984454,0.7366562203098388,1.3697938717791667,0.6618245495261927,0.6326963817309308,0.7212518809816546,0.9860732564190942,0.6027248849114057,1.1229201494217471,0.4463036087370418,1.160096873854052,1.351305530608471,1.4682526683965622,0.9951165264399225,1.1760629729131364,0.9627950624212973,0.7970293219590356,0.830170618738254,1.0520432558056463,0.5628306788464079,1.1646012311271647,1.2673653601973291,0.3018340319458537,0.8194975410332839,1.3587477470498548,0.5306110143386491,0.9670711553529144,0.07422624561171176,0.6284464115713309,0.8528899284672113,1.056336091683522,1.2096787622088985,0.5505711250221803,0.9497387336307759,1.2891411728176485,1.2567119815033931,0.09715347713519362,1.0967645142717493,1.1447047206608632,1.2449372323370844,1.3403823665134342,0.6886549921834924,0.6212309130892075,1.2233680937749463,0.7577473105841523,0.5050402500384443,1.0672492159617037,1.1242530173220981,1.0137258736708668,1.1791137741052813,0.7896835924641061,1.11433897628892,0.3022906547490466,1.1192098184613632,1.1567805164664282,1.3299193830652305,0.9031770223995449,0.8184011851354804,0.9984050209372668,1.0522716745729732,0.7113928005609227,0.5753895320303988,0.9972862112887224,0.5297506482960659,1.2923976633269703,0.8650065140084198,1.9306488651609919
1,2.2197299519824334,2.5443669932266078,1.9216432332268307,1.7013430983203366,0.9883742212077414,0.7484367958452068,2.0305657962530477,1.4074770253997375,1.081417964355495,1.9535537182214497,1.3273797381781411,2.029429348390805,0.8903614437837182,1.6022135546871452,2.2288716625205893,2.060449754518986,2.0289125884656602,1.7437651388177484,1.3790345961414527,1.7872130571477296,1.9010612876420234,2.3521915663272543,1.789384115878704,1.7125021407442185,1.4630903869232297,1.7821337056198074,1.7224063769337532,1.8337677517425715,1.056285935520228,1.6051835962536147,0.9820135931549252,0.7638928312606348,1.6445747806052884,1.4841789497972906,1.1243666355881259,2.1141287552873633,1.2597752096052934,2.0890363575530495,0.8385812647125477,1.8532818463452716,1.6399568810175713,1.0594882361410602,1.3492420195347052,1.891704723753667,0.7223085851277251,1.6391873569933855,1.7508118139218785,2.160817443536379,1.9298150875018178,1.9779104834923547,1.5480145977029287,1.6022891773815549,2.1081672289611544,2.142993579155636,1.4590481447697194,1.966966137190715,1.349570233130482,1.1831803729718957,1.7131792415316784,2.062762332609049,1.803871436720382,1.890539641484426,0.1224445884668035,1.9404029284375317,1.5309381057857292,1.1403616415289033,1.188692022410836,1.2974022158293872,1.4601618454213736,2.32950545370727,2.1246132581989423,0.9174469679931478,1.9026117357608157,1.63685142276389,2.1729497012248413,1.8151607921299344,1.368601918538962,0.443810496739093,2.2447676866312576,1.5533918088878074,1.712172018886045,0.8771115561774976,2.352588181801215,0.9930820512121034,2.469190633894792,0.6164335371895057,1.0173198365913776,1.1989419251411675,0.615624175852707,2.044230687554512,0.6773159459589534,1.958331525366463,1.6993902819237772,1.3015281325129078,0.6785427786428281,1.506070453357249,1.3644158309794916,1.7429860246593938,1.36358233129448,2.1280880157391975,1.0254340534147026,0.01786791330294002,1.9064592522129478,1.6990889670583404,1.649375373443981,1.0822529175816846,1.0502403922414008,2.212326438327044,1.3447553469115021,1.668340424019603,2.472848193305952,1.3041544564106613,1.0088627141677997,2.0394962048610434,2.118865824535436,2.0882615346782627,1.4033749559048636,0.9265632578482254,1.4855935512957383,1.0370872709560217,0.7402557664785273,2.573635231658354,2.4895750237710037,1.8914126732873275,2.0656932661196543,2.050498220681489,1.7079164267601696,1.5985480564998553,1.4787001270442384,1.7289565049248203,1.6974830361776485,2.2346205529544543,1.7556467002406684,0.9050397375195725,1.3804343112771302,0.9796923078270677,1.8670549459163324,2.038243136616114,0.44362533425605655,1.2260266091573575,1.7016944838338681,1.0385537195166574,1.0822248617537114,1.8321830110198583,0.7816079526710977,1.5392560814973864,1.8710699586017112,0.0,2.4229592496068104,1.9030089023533132,1.154933035892949,2.0262234432540547,1.6324940240442432,1.8142423044836073,1.6515176486437033,2.098534473698791,2.588574997049183
2,0.85793798534801,1.1166032287908816,1.2083317429698095,1.0552177678617072,0.5042286894848106,1.432677348862647,0.9952708294128283,0.4627456570558839,1.081569047952918,1.1155835385226012,0.7818283622026232,0.9283810833876157,0.540506061374937,1.8882196421300734,0.931423697978069,1.3949919022616426,0.9127039546913855,1.1403252593340092,0.5295324583291843,0.8495524954067291,0.6592020764554614,1.346384076739017,1.2830626235550375,1.4103637651615606,1.6676697559306675,0.8892112332566298,0.8124594175139918,1.4706972556417741,0.4585058307539782,1.2055004640320581,0.5414975600126689,1.3640905676535364,1.1315935496989824,0.5171293857287748,1.2485148227910192,0.894812369892122,1.174449030899097,1.3647407051024152,2.1335121740185574,2.166407193417646,1.3141515770226189,0.6526146507517658,1.1368939497463928,1.6414231666098724,1.594162640553845,1.1747788859416262,0.6131262777266319,1.234446634948,1.12277806210169,0.8375207216508828,1.2249511810035638,1.0898383624512615,0.7183648054983577,1.8264395081075904,0.0,0.7160729727390347,0.6391851024155673,0.5100920504724793,1.0844182525867925,1.6927942415322756,0.6028504249255784,1.7063957081223593,1.2760288361785774,1.2844714205567254,2.1758557981068716,1.4325762216605273,1.6935161939345789,1.0597869164794342,1.0306986854994338,1.1427183949672663,0.9806269376353608,0.7135087590224107,0.984160194117242,1.2861883455902046,1.160954770621665,1.0577141030514423,0.2744405376213407,0.697641146154715,1.0616679776354285,0.40346654996293807,1.2821679852936705,1.0030965950665953,1.2302761453098934,1.6717318329998776,1.2830720181779722,0.7963569506333588,0.6926443100070585,0.22767577444560194,1.258018931029887,1.2389837419082514,0.5118333292103145,0.950687205882731,1.3740582340069432,0.4258591336541665,1.048299565885361,1.2721387754121376,1.5607274237584887,0.9721666308911034,0.8464726309420791,1.3355478684831792,1.1886489291778555,1.387767155844299,1.282688824851363,0.8210332877783169,0.5895906237611344,0.9218678223097732,1.5445427714265902,1.9306540209929166,1.8921323077728174,1.43802460751904,1.3346855105234403,1.2475024684014393,1.1263865739988421,2.3197833528084484,1.5255359564456397,0.6461450642808171,0.9872623186228882,1.1660982440991454,0.8367674544348586,1.3709283281996614,1.602057756471071,1.4895837016467404,1.4439663846811261,1.3697662991227855,1.0853907266627416,1.1151415135389418,0.466412130256896,2.0701232748096228,1.0315332074511316,1.0726861119150772,1.250274669303022,1.0262975562286887,1.1627679411064398,1.9829954414305369,1.8269174037815479,0.9870045060027604,0.8795192634307976,1.3871762847237736,1.1161732285833263,1.0989419324527623,1.5002408572703754,1.4745208814371669,0.7245185283510778,1.576262744183492,1.3439738182146657,0.3944740740664894,1.6506254203437658,1.55771443341497,1.306981955416798,1.5639061960259766,1.3388153257031066,0.60599578877964,0.5300501013056444,1.777741901801361,1.395082199807449,1.3277738246395283,2.013081923625998
3,1.3491906984955533,2.51290080947497,1.6527041847314867,2.289315754258684,0.9407923904130046,1.5350044814598724,2.2357434676385157,1.0393511002534699,1.9108101314671684,1.8384764515175125,1.949372236977093,1.4732632141248265,0.7561904524690598,1.4129700214135916,2.03416486524043,1.80209395878654,1.7506235843178197,1.7658633766894847,1.5129392986568797,1.7135374029634813,1.646872065635054,2.305498291350742,2.0719611719103446,1.878809973829603,0.30334096525283916,1.5355006952008448,1.2028902904811134,0.6956104177745897,0.3929395696812519,2.2481583949660053,0.4071888034133744,1.6297577110874777,1.478208300934991,1.6127117145214067,2.0034374572082876,2.2146056666142453,0.8276135883389812,1.6647944202187217,1.7124713020328164,1.4945242259890472,1.7271880269337685,0.21426354161933636,1.2347882614295345,1.9568337471041797,1.9418662304909828,1.4836727086067987,1.9882424207971172,1.793026739524038,1.474135722598569,0.8313742042074076,1.0720413857487763,1.8865234721441007,2.1190664302100664,1.5715217487846627,0.8618881154527724,2.224097122153471,1.4075391892639852,2.0954717096328506,1.412815019702868,1.6045812813199827,1.2661636829041294,2.336041372842801,0.8417811588491495,1.7333422402735268,2.158425137442783,0.8438224727744034,1.1802722696704517,0.6694865664634148,1.0352170029625296,2.3688952562618226,1.7033200812536957,0.46316114311012635,1.6435759471724063,1.2770542099081614,2.109712392078867,1.71036477105386,2.0246219642249548,0.6982252247437196,1.7681186962518118,0.7184654088023691,1.358862578449357,0.4615961990698638,2.120306270712971,1.1616950598899516,2.131915099201964,0.7652806529332622,1.6875568892947892,1.1129330466455372,1.0740036640361335,1.8312930196546193,0.5927295104549831,1.5415572561116955,0.8581902664596477,1.3892561728879564,0.9041649205145814,1.9326163160980747,1.0874454295535203,1.8472852063491856,1.0480084125342808,1.9965372330431734,0.7570048521701294,2.258335170650093,1.4331463073685828,1.0034851275754264,1.733868049605971,1.0454892752632243,2.4313628261248237,2.8079813634368787,2.110332515725733,1.3082560235342613,2.439901144131837,1.014828398040827,0.5205264178512128,1.8179194732322785,1.4896365495244441,2.3762781109727125,1.5234410812727763,2.0357040388197447,1.3646145051703558,1.9972527638798758,0.0,2.3193122833889377,1.9698949609394187,1.9531841704852566,1.9419464434705125,1.4966553039691055,2.308296337508767,1.3949806475434152,0.2315812849738681,1.0952064885054782,1.0558377161866097,1.5649102266867938,1.8910466765622593,1.8079506832679817,1.316902771432411,1.881640989510018,1.562280329006683,1.6484259346235082,1.1847215981014891,0.9994626604872433,1.4728594654701084,0.5887799315931923,0.2957045946422887,1.8877257168152841,1.524253208726894,1.0433114039013807,1.4193258909382627,2.2761183896306254,2.283170596282878,1.9938724032210042,0.6455070514975727,1.8459640251514884,2.1342291439604697,2.640400916578138,1.723672505071609,1.8336933260745922,1.638416219398274
4,1.2183406979102709,1.4523447853635492,2.586184186928455,3.6865696944730986,4.1638054596180485,3.367848915069197,3.3012882506316985,3.666801192673545,2.917073521336312,2.3695814164173843,3.3577866920629944,3.522476711958116,3.7420394511339765,3.416425319873897,2.850946178045465,3.1274867091538554,3.552023458291264,3.894583802141254,2.5319491685591404,2.5159219983930416,3.9657329789004145,2.2964947248402625,3.7629461031980727,3.42374064293884,2.875247544863732,3.3952745456150977,3.2462012788819963,3.014618579128803,3.543628834716922,4.090758568699146,3.7825030763720373,3.0515809111604058,3.0294379869587518,3.770972842593915,3.1086975081911263,2.5188306792047346,4.882064651908278,3.604184064754045,4.9701364814432605,3.29510486390956,3.3393558113190203,4.428190825495218,2.9181845673077986,3.4356294154419036,2.822539135833174,1.9942582527112531,3.016572584518398,3.091921711820145,2.9574703592946885,3.6669923494915464,3.658364166454004,3.1014020924094265,3.083168267617982,3.361631541539582,3.635834302086588,2.3559670107396586,3.297535416654077,3.5310379647967496,2.483345415869537,3.484172416797515,2.8530410660048404,1.9277809760456515,4.760056657439171,3.435072444704106,5.159783146025484,3.488610355918734,3.1577499276475773,3.3027303490588187,3.232041247250339,2.0685516809853053,1.8591881932783854,4.298541064905657,2.661757827449493,3.1134647187526006,2.3236020216147186,3.728782108104796,3.0931226595062657,4.446265579660474,2.08306936593171,3.795543978460875,3.0436274530231224,4.631023165106849,2.079136005217909,3.9667330075648604,1.3175549127177542,3.72492386784006,3.0892692597189755,3.821252872697473,2.6095089097443287,2.764653068334962,3.6903899005403016,3.686946761112391,3.229744764173224,3.7675239569020986,5.2668661907546035,3.9072006561722317,3.6788465332408395,2.2751672361588646,3.2956125058682777,3.332303655378824,3.857843541470717,4.399469939808332,2.900030266727141,4.85557685450304,2.5704530959508354,3.488749239088012,4.368743960041471,2.6725231623070926,1.847975935130437,3.24623030025598,2.789741416850615,3.430300819609434,4.4684567212457225,4.439988621152628,2.3224178899586656,2.819755814309041,3.7471195809411872,3.1280833304406883,3.4885966050058994,2.832889471182871,3.970847962237606,0.9667391705336823,2.811607306962398,3.175238435073414,2.5234717093644137,2.7574902028508523,2.971846160250353,3.6157472203566887,5.608566797665035,2.861533108626918,2.815641913451609,2.243935472574798,3.190325789706782,3.204775185784546,3.0419295013784136,2.3759510020866133,2.818566866558025,3.229606473800415,3.727351237829024,3.7862444641585737,3.1443568468884253,3.179547789278737,4.955014329441234,3.44121651558199,2.7609641549869957,3.489257646652696,3.2132283810333595,2.345106826420391,1.2838499079744672,3.321882011020023,3.0798810594183816,3.511071430565916,3.120495600818356,3.8274337029366814,3.3773177260071274,2.4547476120403173,0.0
5,0.09190397595165234,0.513236889531213,0.859978642266753,2.35110093351444,0.5835274194054227,1.5853928169769549,0.5611937111159402,1.175477872205811,0.733884224335733,0.46158420177377707,1.325625401509103,0.7797099570415582,0.7559192746823689,0.8315829265598634,1.5412682700571914,0.5176652738459253,1.2220127791392463,0.5699852121301487,0.47184402468395986,0.7391757040059446,1.1675453404721123,0.393093532992529,1.971552370656309,1.0324894785243426,0.5262381997956261,0.934270264245837,0.9697757629688729,0.796200052033242,0.4555520040396789,2.5638786479732385,0.5012129364802316,1.4281306373716214,0.6813850906743004,0.7618002923775871,0.7346228176517928,0.6739759390258342,0.4614418603256773,0.8884617421165765,2.6331347843930843,0.7602295590951814,0.8384359197860956,0.3367207714625754,0.6496577669302774,0.29827826889602016,0.8794040629111163,0.403819113744296,1.4365208460134764,1.2501716870276525,0.7388763907150092,0.9729640295079308,1.2696433419332631,0.6593036933876133,0.8712873996796109,0.6583091902258189,1.2491273551167563,0.5473345326372361,0.8553940445895134,2.0188682783225245,1.1188366798982525,0.9015376060841979,0.8079920271423497,0.8327410683653689,0.5904911743315178,0.8103386970334269,3.5290446774487396,0.7856522906183117,0.968695348719144,1.1756979102682796,0.7870470603723899,0.4654202200988169,0.32349403407382815,0.3388618878419105,0.6458547870700215,0.41374414244141966,0.5890982118594454,1.0196004207454468,0.6659007471542759,0.827022034995359,0.49425083909218887,0.512628168466535,1.529384011693427,0.7248074921393073,0.5382715535615856,1.1725652954332575,0.2947319756968665,0.5322584520458694,0.16883128478726328,0.9029847636483969,1.0029306795298338,0.8426667943939044,0.451826833661182,1.3491346251755576,1.1353346084341227,0.8394854625419885,0.3169246303340788,2.383251102646512,0.6465541030578685,0.8085201710594859,0.7581540650283158,1.2128103925914995,0.32207672861761816,1.8365572014850455,0.20238335297736,0.316773449090324,0.5500012694608468,0.7515704245664911,2.923055037838978,2.119932375202948,0.7515799887127684,1.6603299100216082,0.1358492158584267,1.338251378403988,0.5092257555489335,3.0833464407977296,0.6992026893827192,0.9952077816363837,0.41324454041774283,1.324326720608124,1.2188290026670148,0.692931030704632,0.23956806733623592,0.3006464178489089,0.765851445875376,0.960080711182533,0.40168577170205433,0.6597139963361686,0.4449623492544741,1.0042924920404683,0.3542381807811671,0.9780066387302713,1.074783413319202,0.7987901209627936,0.26201867726856953,1.1200117749289036,1.2079304254191385,0.5908470846293422,0.8362872786113356,1.1556217418659431,1.6411199571450648,0.9149023106472512,1.0928096599169042,0.333826727233286,0.5335409933826704,0.4696377758426261,1.2871187434358566,0.8134349591205791,0.5906594800010643,3.2614025219630767,0.47759302733620396,0.9289994784393852,0.8798648029113787,1.1020898669746404,1.0520674660836968,2.7575582190507957,0.3304989696610662,0.9049172355243942,0.0
6,0.4531103500931498,0.43020144925350934,0.7875118373534904,0.25627479968818223,1.1469860526322901,1.1493250395343408,0.7904669854204593,0.6294885796288049,0.9725851387639008,0.6047793609279122,1.2546335969293954,1.0963102079356826,1.5295977696311804,1.0129697922239778,0.9171656565741845,0.7443879503800626,0.744557429044537,0.7629661855277304,0.8466319407222761,0.7994472656330464,1.0647261868798095,0.5834763993494569,0.8196200766293134,0.9617438571446276,1.0432218928267958,1.1774766062943351,1.432131539679892,1.0623746220345336,1.0880368856672449,0.25350235548998146,1.0703933893358586,0.8709133385539328,1.1163207334824314,0.8138450787501094,1.428293019171775,0.4190726144078405,1.7976387290384954,1.0977890450841459,0.6956281598194922,0.7486614252995045,0.9569744671884198,1.5708785539154877,0.6891996887766544,0.8971450879313669,1.669153816208087,1.0331478822619693,1.4672326208071773,0.6808131485949873,1.1604452986383769,0.9382050915772805,1.236228874413498,1.0790531237568064,0.7262485484946697,1.2494636090578721,0.7338216704490543,0.9742047125682052,1.3153553282428556,1.1335342210001276,0.8297396023228486,0.8047567861265063,0.771883355506415,0.9494626366846841,1.6861259545346827,0.7277683152588661,0.4304298849051329,1.030105127892146,1.1745163692634566,1.1306500103612243,0.8497765693232866,0.4406131171538361,0.6116758343960249,1.5142420112191877,0.960498030386548,1.0426930455196362,0.670279513101703,0.8318291389032665,1.5106456343481762,1.6607826571615696,0.8298817397994891,0.8541412667077316,1.4535770169849216,1.1989995601822927,0.6180008893622522,1.4487444556840365,0.2800676554100392,1.1599582285543408,1.0387233097413078,0.8738704434894861,1.7525681177885106,0.5908762006690103,1.4084044108137352,1.1202365102177083,1.039656805190273,0.5589574758256519,1.4705443179964846,0.0,0.704710584283351,1.0502091497282702,1.288484911981756,0.5793407141512378,1.3344427919241384,0.5566146720682374,0.32788322521271573,1.3381159027630076,0.6059460848241441,1.241238565340594,0.43603029348393585,0.14251829034709307,1.4380439049591165,0.33226089415035986,0.6064643867860249,1.3708977990581572,1.52906687251393,0.24345299653095798,0.8781796843791079,0.534175117431918,1.1171806476764292,1.6366930366801122,0.859314266326585,1.6176788290337925,2.0052241047586556,0.37802023464105183,0.8722307536209473,0.5976318039489392,0.9182469623417713,0.8139127119052232,0.8010505716371352,1.602471412211341,1.684145022166645,1.0702442767323455,1.0276649704531073,0.4450029493331352,1.0688233203326853,1.0364081909209546,1.1902296143814801,1.5794448761354452,0.7789536513751864,1.1149225066423947,0.9492661360370285,0.957661054815368,1.0152252350872253,1.6386266283781445,1.621592221463247,0.8175437754777789,0.8999749124545201,0.9569322913510184,0.4253235304494971,1.0622359170612747,0.5960416080533799,0.39929147790370856,1.7620262261294095,1.0010742635171965,0.4781891181478374,0.4424041394433281,0.9523304026584797,0.6944239624718311,0.7503583900957517
7,0.4992303220947454,1.7542877040229412,2.9776152911611433,3.026190695409933,4.1220541086739235,3.4526968473140514,3.8303342814163526,3.1519955388809833,3.7710004915693425,2.7481173287360336,4.114652939713062,3.5782068949833743,3.569849468090273,3.204693822567001,3.635718088495824,3.496509978527506,3.5599178781067833,4.2940611777719235,2.9750778608595354,2.734199167552311,3.9790483027039105,2.7879757522800777,4.431448085572818,3.855266861319245,3.318108498371492,3.4853803370829772,3.3031146011618486,2.912645835386161,4.394104719479358,3.448906651371696,3.4528777814542106,3.940116155378907,3.576966461993036,3.4870126776094037,4.49742700017798,2.471167829557128,5.413051327727596,3.6451461407420425,4.463767489907338,3.9864630068742857,3.2022339668739974,5.1315317901166,3.0004166612136647,3.356186524163977,4.358841736197245,2.549881278427527,3.7031690057932867,3.5267915437203277,2.727627630090688,3.094518094232999,3.6916074496492572,3.3199969539205445,3.7492231180396725,3.5941479295913132,3.3049857774910416,2.7448165717843542,3.839554845178657,4.026636246345513,3.3745564554301684,3.4959265629496135,2.7593868351102033,2.783766155169057,5.5425436870209746,3.7879160434791257,5.375566214998898,3.704839887149215,4.3486082520153655,3.4915088630421978,3.7533377119652487,2.399680177461777,2.146522640505122,4.500252208262641,2.8669603914148296,3.692607117341268,2.712546950314943,3.970182211194995,4.347613041298798,5.0949288356467575,1.9214469253010955,3.214306262791199,3.341262659536829,4.539581161162281,2.3903625235210195,4.069418863051968,1.4600377959467936,3.6436634451369323,3.3849560286123492,3.368586104624452,4.107083018760095,2.851216490774484,4.397835116389541,3.9842064156966592,4.155748436999463,3.066075238753986,6.531160733343338,4.180290361043603,3.6190120693632015,3.20720054149164,3.953910732532555,3.6174930837292814,4.173487814632411,3.5329213078016988,2.6187152709375385,4.627215197687562,2.4396685538939167,3.5891379024119954,5.0256216543013466,2.535803484083473,2.9636529832777625,3.1838094435564583,2.839740295197888,4.242099470173025,4.876024532043484,4.337022627600997,2.8379827221496625,2.911173599195926,3.775711043259461,4.484347501514498,3.7960382041173473,4.202813758644347,5.001790313456674,1.303294238543105,2.5199835070308723,3.312958532730093,2.945110308442148,2.9619144740069667,3.568544251938714,4.246393592180627,5.67486733010756,3.151885340720743,3.1929530355814073,2.6879123880212967,3.436241161911632,4.08441823968926,4.0287746711078185,3.751222188578952,2.6132462324060333,3.472723928470617,3.556756441851082,3.3048445043021264,3.6370978480077785,3.9626994254253436,4.954274771372882,3.225773580420382,3.4183386937555476,2.881076117099413,3.701694643148375,3.4152443297214052,1.6889327880878746,3.593971629537071,4.269409752543324,3.474058399788687,3.2738416603785505,3.974507232176836,3.582974387674182,2.5441387412169827,0.0
8,0.12234711950500654,1.461737929450478,1.2099122035650038,0.16474666305728491,0.600058173071436,1.2551983452064683,1.560822086785908,1.4897902737320239,1.2057829266007452,1.1068439267700383,0.9473849097190505,1.4840221635561603,0.288331416167515,0.9679930321468428,1.4567499475732149,1.2610697761124605,0.9381867865253837,0.7407934006208519,1.2451234982164074,1.5461784661581341,1.570904546801527,1.6578806206888617,1.245021693358583,1.050475565177849,0.6416746742195798,1.2953649516261767,1.2490053337379057,0.6041839316180002,1.020251712316012,0.16136043827728097,0.2618742715635468,1.2961750798652243,1.0206015494172314,1.1920496700351164,1.3629219630420568,1.039839052569829,0.9022868527977602,1.6425463626176748,2.0401324819232096,1.3049542417095712,1.7039151157188859,0.5465732752094383,0.9687956957414252,1.1300795987038048,1.2220517165550369,1.0563998449224643,1.1061473944126703,0.8547038838231125,1.2819826270216015,0.7016838543408006,1.0920495234694831,1.10703639121732,0.837421914039988,1.209609137407788,1.067899039743807,1.2865990558898597,1.02724408790397,1.2351772275560902,1.536279807136896,1.2486806574710836,0.5532292530580272,1.2768010686696494,0.6312665528144449,1.1801221623666107,0.9871520943038264,0.9776241408100187,1.1252091808793396,0.7361883137347509,0.6162395486741372,1.298029186717727,1.0962595096302523,0.4239705463547535,1.0947068737186951,1.0812505199867923,1.1740870435082924,1.17468481391385,0.674969204525774,0.8486625471038364,1.3038121842474066,0.69053357275599,1.2889083607915726,0.8377411759243485,1.352327185226915,0.6525823625088968,1.1116553305223777,0.0,0.8061156229531002,0.42055343753604446,1.010443314994926,1.0264253410880562,0.3727498693371921,1.0143213612996034,1.5393184696084974,0.5613139205819186,0.8748082212196485,1.7059323939933357,1.0503732464734143,1.1592659253375994,0.8915609020656693,1.4176217499317851,0.23396417274828663,1.5037884082486825,0.6458671667660023,0.6811095556893856,0.7657625164974046,0.7274925313652165,0.6937340001279642,0.1848040603779325,1.0731842659625934,1.2048001215043036,1.2884697524095785,1.256551225165687,0.02983589646929019,0.7032104373287097,0.8889619857664537,1.3985060824371822,0.9814419097484116,1.2664395120643586,1.8073033493540178,1.0133466095293677,0.33031308778709934,1.0878336947301757,1.3899416599150367,1.1676227406373392,1.1824687125115025,1.228270883237776,1.645596252520593,1.1845097010943457,1.0787204000794894,1.406921003418817,1.0321440543745006,1.6740775048302061,1.5655838005906346,0.8975795369611304,0.7033517987188416,1.0225632455352889,0.6698461828366646,1.0383635284183232,0.1959631342773409,0.9305775689916866,0.88628279644356,0.5107195668360641,0.4836985627957343,1.0781716257072698,1.43884013855629,1.0606309262612006,1.0517261152118436,1.4651273157519686,1.1173632818199468,1.792089707107647,0.679363699590206,1.2001605508855677,0.9802926809014034,0.5666267600479333,1.1489002921583493,0.9690708409396439,0.11621614115457124
9,0.31411877713445535,1.498321509280434,2.152077305944099,2.172160599549926,0.6375511279055157,2.103488505631201,2.112783188411806,1.1872905722422216,2.4930095277888804,1.7539843981054173,2.16911166884004,1.9961771905395347,1.3128224290531503,2.4210005561917303,2.043736555619449,1.7989816086828785,1.864499550435361,1.8804852016080187,2.0201681125750146,1.663238859705536,2.37391968204016,1.7518876645160248,3.448278234833461,2.1744819626163645,1.3102581187163405,1.4571856639815386,2.848756424381295,2.4525770723928804,0.8677671517536634,2.2733756971412515,1.349285132492461,2.53126325081019,2.264074406249417,1.5343483222533814,3.203189095206527,1.4188627846335633,1.1352402092540368,1.9160356222705817,2.407143431244816,1.989855836449264,2.3046759273809627,0.3051154689744604,1.7748085818196138,1.6884729521020359,2.6756406907668255,1.7443247578157268,3.2868412584739124,2.156914612204278,1.7625768132007114,1.1731676737022396,2.6042991840116474,2.2008840518719395,1.766896375646346,2.0738261150018977,1.5471170298214287,1.6047738984009485,1.9324020105114017,2.480384102499589,2.3917649520554516,2.4375717967271764,1.0156871088752641,2.1794589860752596,0.16177100078158335,2.4878462468724107,3.485567105465795,2.4654968261312327,3.3718701780810525,2.615285521519381,2.159648003500515,1.8593018723699202,1.2843862941175497,0.37245805106655583,1.8503832041056707,1.8988846830448765,2.054270660500064,2.5466325958408307,2.929178312280823,0.37840332391741494,1.890628692960386,1.5143860201230483,2.9091014646987268,0.5287409829620215,1.9047305078769852,1.3525261756226108,1.4101458261780477,0.9085028089579237,0.6140688988695548,1.55519852360748,2.2881549464735285,1.9745072444050786,0.1757269173708913,2.9332755038255742,2.978426976795275,1.2359247373283644,0.0,1.5933555698130706,1.5958861023534623,2.6904545098296837,1.6991227271749654,2.2482259590505027,0.6566706209336841,1.7359012227467026,1.3457438292142183,0.6035892079807332,0.8898065687805512,1.7049724221550915,3.6032646121598804,3.1944854610008893,2.497884371558521,2.191636432338691,1.6846860623344593,3.17948361017107,0.9775115767053764,3.5060543320609474,2.24586028874422,1.8554595562247922,0.6140633225244592,3.40153338951073,1.7862976477902839,3.0340902048834324,0.8535738877500154,1.5632609973928417,2.132514159097265,2.133048965152359,1.4920007649366318,1.70635095737337,2.1917216654001606,2.577939854303972,1.0555227557526259,2.603500665731524,2.689641259076679,1.8849432278074971,1.6170767465531037,3.0184129402970363,3.2825976907320906,2.900711212419763,2.0088060607640013,2.883488479112611,1.2811807245017262,1.7277257498882497,2.746401948658376,0.571579191709175,0.36414014116259397,1.7251678142591653,2.553786795576808,1.3284016328964052,1.3929728453576833,1.5425295750167143,1.8270201757256253,2.0557591896643106,2.8058439591828708,2.131408003065897,1.6846603928769237,3.581074509434948,2.1592838830795746,2.0717183723897605,1.5440484039225226
10,1.457195467792881,1.3814654285275152,0.808299620127811,1.0590278526227799,1.154623785763832,1.4401859147013047,0.7557886503459106,0.23890348660417293,0.6634975539646808,1.3190515017856157,0.17834204323156777,1.1209417277169753,1.1947202592392303,1.282252015288825,0.5733417451042176,1.1455859059304738,1.003769523118596,0.8294527665403323,0.6159005384601226,0.7319340964612773,0.8389089837667734,1.0239345505890858,0.5807087131532949,0.5354498297735395,0.8468417289767464,0.7139820367870527,0.2875885521414058,0.5192302278843552,1.206014816542726,0.930636253820407,0.6599340116817167,1.6688308105605811,0.5278917556044138,1.15272844910805,0.4324834978852186,1.227390009825321,0.8963635188055753,0.9985504786461087,1.3976314742743254,1.0535713727221192,0.3474624782527467,0.0,0.9200634956312145,0.7898948006830224,0.6540196175409093,0.9017533674819681,0.7197026834089133,1.1457936675039062,0.5352630743374182,1.169634650349542,0.3681832925689756,0.6051614452089076,0.8713721281346671,0.49209276333187996,0.9561701236144526,0.9875354174471739,0.6996388887955328,0.55092587716574,0.619416823195576,0.9991776184571927,0.8710969652200151,0.9966544983552009,0.41530934371185985,0.7444311382275992,0.07963870713565757,0.593735037122691,0.718273752659129,0.9455820983075683,0.7307875690867176,1.231604614519965,1.0323323122097021,1.078020067967543,0.8258491296172494,0.740020729682429,1.0648290509525387,0.8525505211870053,0.6045380503113966,0.32762474687762877,0.8476659116019246,0.958201379347667,0.5578964725460251,0.8039642081846345,1.1784367395904523,1.1034262674693844,1.4400850206909042,1.1644265879806772,0.6991520837986898,0.49025765539794774,0.9380069583134235,0.9317837586904437,0.6618848545763093,0.6834176011993833,0.0690515006162481,0.8733224845932848,0.2835579448932445,1.4521127604203092,0.8306108615668265,1.0125219842343935,0.5043519144698829,0.8527215390199826,0.9268063596158992,1.4415908452744643,1.114366940515084,0.856411318784275,1.173073340064508,0.17551505792995137,0.5898533216015692,1.1127146979786786,1.0124183867262866,1.032804228303845,1.1149740139446531,0.8082105354768983,0.8813746109325119,0.5633746543251202,0.7799679838989249,0.9402486898872341,0.9751916097645476,0.3467722391140622,1.2512823087654503,0.6631163998422265,0.4574090201349461,1.4579045126932373,1.0719020416408753,0.8486650266144999,0.8389985601146168,0.8617709574801216,1.0280330042740302,1.0974878772745449,0.27829859861330053,0.311582488840898,0.6447328427781703,0.9219461041151411,1.1143681726381742,0.12446708889838587,1.0214927042779507,0.7017036109269388,0.93621198464897,1.0533648499138522,1.4237746043844703,0.7554323302319271,1.003713392638709,1.1761060647767334,0.38394297688393403,0.8998568837217709,1.0324287781275254,0.634204550851587,1.058677588300654,2.0176698833231748,1.3574954739706175,1.548028745468105,1.0245252653683001,1.1595822882746916,0.8503023749701385,0.7813580967261214,0.5872372472915668,1.2562625892668804,1.4593740120168357
11,3.894630873898411,2.107842543681114,1.4987824154986742,3.2307774588070037,2.039420347637405,2.0400869385973315,1.295815179971823,2.9196351277089443,0.8032704934526499,1.7821621515675514,0.807696559010384,1.397776667765286,2.4791415368671395,1.2170036523652135,0.9060466648023054,1.1498961645888803,1.1923202880177755,1.7148704748322567,1.5360762937818744,1.4595964467224372,1.3234613900228074,1.6188662990369942,1.3706536326986367,1.3760045450151959,1.7973496140179117,1.0542493164409716,1.1186702435769478,1.2348970823619025,2.060952164390101,3.0255147708729115,2.343739249845653,1.4995602035480116,1.0661981302151635,2.4030542003232522,0.4207690125533774,1.5828035608743138,1.562086158950444,1.084876789742204,1.5782338194300718,1.028808990125106,0.7364769840027958,1.1460954141420496,1.5125661261556602,1.6107356946893756,0.3541109261022193,1.570062941832784,0.9906200597847027,1.1534400910076168,1.60526761524184,2.3453559663759154,1.35461380708011,1.4869373067917038,1.2013948469417242,1.3531111331657975,2.257965309125961,1.8158328887560353,0.9217864116864858,1.1409117536164999,1.126343634205299,1.1902228828525234,2.8018988453374414,1.7023080345954793,1.254367149619748,0.9883482865977036,1.2150547154212976,1.1504595849285084,0.9866550910929669,1.3567053438432888,1.5102619005642808,1.86943544076802,1.9559157817173296,2.313942074483272,1.5082160462541148,1.1321366904382888,1.4538792324959937,1.2226733045448013,0.04342744902590412,1.024810840275687,1.687609597528986,2.8102306507000625,1.3943231597394818,1.9062991089817227,1.808213070483926,1.5672254239194185,2.2701436695038097,1.9946024103416309,1.6740394397893945,2.453129041772937,1.185979985842066,1.3565105745133663,1.2382874919429638,1.162103708541357,0.8505212044038647,2.308419590472668,1.5040094363487777,2.124457898123048,1.480684038852717,1.4966371398816363,1.3127152924656338,1.544741724874694,2.4451558013135584,2.0556432615657894,2.1407162456291315,2.0870742395589015,2.623163459886676,2.208827788008047,1.298964834400063,2.4651141764363644,0.94476801554031,1.5955631694884282,1.735285065502327,0.9607702534508245,2.0055792589436665,1.6327617317343717,1.4044281075018752,1.2167409128602698,2.431285188031858,0.0,1.3373579544005696,0.31532073770458435,0.7662963468246191,2.2995962523779907,1.6460861929482002,1.4181851032319956,1.6522985414819615,1.208103344685557,1.1293829483232034,0.9618939286955489,1.857581625292309,1.0666797575378526,1.3753117083357351,2.0739754929152907,1.8162135845662608,1.1680658586011958,1.2071979905926815,0.5682150891654862,1.4092940322551732,1.446789044539587,2.8833650864979523,1.593596164650408,1.4528333770801554,1.6260801500818258,1.9580423414929393,1.9058482872063496,1.6065082449974049,2.331908942278858,1.4027847612941835,2.0737414675786243,2.0954935784368707,1.9419372069802905,0.6712093019706215,1.1028448439448315,1.2217666572889867,1.450466323689797,1.2885542686113627,1.7237562262947204,2.8548067955063945
12,0.5881688730270721,0.7341203341851923,1.1496744353663848,0.5766361265882239,1.7320645050392256,2.235205307262401,1.365853518262572,1.504179131757399,2.465130333718554,1.2107033546325854,1.4136805712792533,1.4374262756125902,1.9490757053501964,1.0570655169224614,1.817374241989485,1.4491247560684415,1.0983958185362184,1.8989372921331993,1.9331597995789105,1.6050487695964581,1.6916051323940067,1.1264830986094858,1.7426279739281623,2.455779314664642,1.3577672324601524,1.4434130116914041,1.9582082575222706,1.5119571249697101,2.0966073443101716,0.5018907074123482,1.8992789464493718,1.8424444904107835,1.4301931346200099,1.5558749059269048,2.687208310131256,0.8879170998052749,2.0168627918322897,1.1669199053602095,1.1792496834453772,1.124968719338196,1.3388360192410778,2.2792794982957485,1.883068239664255,1.5115146589488615,2.7489328422747126,1.3775340314810773,1.8018469869907847,0.6449651479627636,1.7789113337520337,1.738635547635598,1.7316072522127812,1.5491439054448413,1.5692777782181424,1.686416868095364,1.7819473620060131,1.5781155699776344,1.9400570225895597,1.4492378839363302,1.7691455735162334,1.3948827622438706,1.2285613455733728,1.3446555838778969,2.0153890789183095,1.6159258606200337,0.3801165444706658,1.9431693285311158,1.4932617254719114,1.8790428997372932,1.5416799882993153,1.01850359672151,0.8812087290417641,2.0292592417778668,1.6510390546552318,1.2519933176790714,1.382742804885267,1.595316638640352,2.8484763807583753,2.471418058337435,1.4005325381850664,1.7110083195677919,1.6448355471546685,2.3775408321745166,0.8587249977875034,1.752559519170913,0.6552406003285246,1.8693755651075485,1.9050117622385432,1.7307595636917181,2.3270270258232375,0.8385341901920381,2.080083373348324,1.407185905904059,1.9450737507729792,1.2700360709333747,2.3850246499800405,1.9087170487160596,1.7858621339817566,1.42346526139232,1.928386736967774,1.507228304681167,1.7374578410341288,1.8755299891904378,1.8852690615986374,1.9283083285927174,0.9490319924220019,1.4006414951000787,0.7601275429933242,0.0,1.5945206909447498,1.0483416616861252,1.2938303921796521,2.2265851514631176,2.076710068252038,0.2760275832749228,1.008437954037912,1.2693301526894405,1.3362333037224066,2.492234687108217,1.3799974277463092,2.423837516253343,1.767532712682988,0.5409898752333894,0.7958860804689574,1.4042237533891555,1.3924165128343093,1.5215257607346846,1.4714658379665293,0.9480873363626467,1.7253540473246427,1.8153128268608554,1.4708272298273846,1.116966744793574,1.3721000609801168,1.3919736949951573,1.3553549012943584,2.6175695473670237,0.9886071430054395,1.2454196291586155,1.0828338376943472,1.8956305053501774,1.2906057602597236,1.5819727951854383,2.1738168659204806,1.3979733085514787,1.7803598848171678,1.6791277878416624,0.9037415489975344,0.25476882003828116,0.726603998908086,1.2679990749152268,1.841091759316756,1.5993116549136719,1.58525836979733,0.41021635790121525,2.1750227439151466,1.0277323306603807,0.23748701076991163
13,0.0,1.328889372629456,1.5627101300537412,0.865292300179544,1.0656239047353673,1.312904938383909,1.6717989449933772,0.9756625593551578,1.656324920674963,1.2591779833513024,1.3069277827286634,1.7283180661845852,0.692021097506644,1.7042391894797533,1.658090741962749,1.5991014223332474,1.4895785209591361,1.2043855314218388,1.8937058624505987,1.4125468683425189,2.1943485203991213,1.4833595402174269,2.499787339821033,1.5790914285329707,1.2689599799547713,1.5503396726565204,1.475600672462877,1.4322569276954018,1.124068246935449,1.1204887303308528,0.9790008936505258,2.005442527114065,1.7792216977574553,1.4899212212806199,1.9621734711425756,1.107529352421004,1.4937580953479699,1.7841476379619978,2.474474533331237,1.776893727890312,1.487776474328314,0.3284227037832912,1.1702338151037601,1.6336116742914448,2.0563719632616797,1.445661551709529,1.910702861870083,1.445453695771088,1.3737587064262986,0.6987526989395683,1.8795875930172554,1.9878240609477764,1.3619056912201708,1.5255846954297343,1.3664742253805677,1.6960873170119148,1.628005877719936,1.9802074731355492,1.9674774679303724,1.619885255573043,0.6303893832499498,1.3930758109907093,0.5334951410423495,1.7592291296034523,2.1294716068082344,1.9111164588592573,1.9809391369895382,1.677561116017683,1.2385164089236362,1.3913666461008543,1.3280312791296607,0.8619656178567308,1.4999105277008156,1.6434661764422316,1.4652948843481068,1.8056506934346046,1.9482461932868027,0.8229422910768895,1.1802676958166436,1.233801488639115,1.8210102454897856,1.3462567311876033,1.4862820128091392,1.1402085659144163,1.2146025554855922,0.756627094528291,1.133474964189796,1.1369997338296494,1.2703443346903676,1.2781012584271705,0.3283856329093151,2.207709241739872,2.062175587816769,0.7925425669667012,0.5551721782118142,2.2020449510020557,1.65863705062039,1.7970077153102284,1.1839418642480057,2.2272450487742663,0.767582310843804,1.7037617654953574,1.1194227892450723,0.5560917704982775,0.9024689004293286,1.1009045388138683,2.112012048555337,1.3947296332717967,1.4695733062471936,1.998600913392655,1.531769164850088,1.8533690322098666,1.4148101768780106,2.029223736026126,1.454846605034326,1.542605867413973,1.264853689573738,2.089112202337201,2.1700868676570932,1.8070562770939735,1.5777115001201465,1.201576509631788,1.4165902474990621,1.6977428396057466,1.6051704640802908,1.198210765092453,1.4756241080973194,1.3922287181158652,1.539115306631447,1.6180900108023002,1.6127225397535891,1.623790144841778,1.6155298576322186,1.764544322397423,1.8720362023112984,1.3745791349433374,1.0162505660740917,1.8930791545799877,1.2146786382297048,1.2051499390437388,2.006729984246467,0.9985494621953583,1.4188452708456298,1.7466779445904042,1.5586505649538616,0.7374462863482828,1.8809601297813088,1.1022803397447944,1.2535774367064398,2.03654881399787,1.6762257772225468,1.5321604577641195,1.5341649063434015,2.188571105796161,1.5898293777851469,1.874684640500088,0.5632591243448418
14,5.0054969049883296,4.215751739541074,3.2030343413717097,1.3141001379946156,3.0546626932931735,1.7894607856401896,3.0791002467406297,3.0466162377488453,2.871016233938929,3.652616523148661,2.4266987078009326,3.297091668562865,2.6379752624894244,2.804742841354171,3.2053578465473276,3.2322839501861913,2.5637276290239424,2.9158733772589924,2.4649052293537945,3.066057462021715,2.4764311203936966,3.6830867604725883,1.3786013565937,3.116071923795392,3.800685271079259,2.9932376054750773,2.4080991562764233,2.7021175533445034,2.7211323617559233,0.8829238506217536,2.241957458951656,2.3525480272522614,3.2027952260653123,3.1946144060566617,2.6090756290867296,3.311520267131675,2.7834093179036015,3.5514856545316746,1.9655053870981147,2.730369272597568,3.1533132476946424,3.5131372106941954,3.178055027688506,2.92472544672556,3.1588657817732155,4.070303514542774,1.9683596882352279,2.0819627953532,2.805478980122918,2.627745401491102,2.133939703812398,2.2630165742720734,2.7315753101406623,2.668736579898046,3.3391901021353094,3.2801834073475002,3.1763647047559096,2.200785443614243,2.502769887510327,2.2972075670435332,3.55816753274303,2.8618560621854683,3.449473950647368,2.191825566736293,0.0,2.5622241473173686,1.8680377371192296,2.3465922677558027,2.5613092041004486,3.7104686365462647,4.2951269372249765,3.4420543311801004,3.4367233013196046,3.6155888346937584,3.318651063166493,1.7125525746487227,3.150164354538529,3.142439123938047,3.750503435685039,2.4342458122350212,2.009847937857761,3.090334634023143,3.825067455499841,3.0926397740440454,4.488216693186913,3.640188077210263,3.8596471326750565,1.9718550633168133,3.3341825148265154,2.5928873741085687,3.4842228819474403,1.6830958434538095,1.7928473057166494,3.142679158228507,3.1954068930427084,3.542272899296377,2.7130475125832363,2.6886287048610598,2.4365710775396257,2.7427702018783564,3.1540652004655305,2.951171586496696,2.558635090537524,3.1495143385385993,3.62539291614525,2.5876346670451214,0.2848598767029489,1.9265867868839233,3.6683037032285584,1.8388336054617385,2.9172916463391423,2.0018320091851978,2.951063293777305,0.862765215167743,3.5839322728007126,2.846820798477944,3.3859671821420894,2.018986525923986,2.8188595256003173,2.5755364458428094,2.8929743593920545,4.676813267269239,3.061801397081345,2.364899952986775,3.677713113641069,3.272728008513163,2.9306489130343905,2.8097035574823037,3.2714557394669708,2.465269467593802,2.401173549094995,3.839673054742203,3.6375472667757593,1.8296042611249175,1.991120162412964,3.441576400782787,2.601906731465622,2.0738577463643413,2.3182936817347817,2.577876303543226,2.310272462858826,3.4504635028015906,2.952768260243447,2.6522130634102705,2.400603345758068,2.752254547894244,3.339771474266245,2.0815949123654462,4.13487192128848,2.814165157264749,2.527242127842419,2.122936278197658,3.0642964546418927,0.7414708531215126,2.4494336685740983,3.366323711052651,5.454480851303211
15,1.5970439163767822,1.297912767291254,1.5028254053716184,3.022035850505505,2.735640109352794,3.411645968115203,1.295931642587274,2.9003412888985416,2.0133467978802635,1.4483283993988212,2.3778367949933066,2.0103654611372272,2.5058115532095973,1.8526324875872164,2.6693390274567537,1.5715932973684001,2.097832278732962,1.7913150565198737,1.9470373321983834,1.7404650464221025,2.2411869432221843,1.552702426225979,2.136158787099519,2.141139216246982,1.9873798789594028,2.318564976988902,1.874371763935115,1.5985320897476603,2.535342732190695,3.0474140443346736,2.6543360993125007,3.5423337416120937,1.6849936319096444,2.6858726587419364,2.268542080401395,1.6633963596917392,1.9768351440001808,2.205056849890036,1.8647872132724312,1.117797200790425,1.9541025748630982,2.9584826304396525,1.4586547116510864,1.3444627236406625,1.9143718446783256,1.2218774646507553,2.6941775566055477,2.1529083504291147,1.213457379866827,2.86366410755939,1.9398642867824767,1.6780582665372494,1.9689172469054474,1.1115186181675796,2.860922775068696,1.4362225314385206,1.9155919631423328,2.9707490253176623,1.3657227150114868,1.7801018181201884,2.6915075350904267,1.869006899983744,2.3879866065507125,1.771344633177842,1.8103149086318429,1.5910681647418077,1.746614052571412,1.7946968246032071,2.089660511087405,1.2379965757244866,1.2147447629222303,2.791353480515201,1.4586694489085759,1.4662252406832477,1.4456281830193953,2.1273703918902234,2.721541587023687,2.987417338655223,1.1891498748772964,2.959664315949249,2.112975991631603,2.509159254865389,1.3908946210875726,2.506857681368225,1.1337881695806242,2.0552689485017677,1.985660502549816,2.8079902596425996,2.5940413831739684,1.7670673453865895,2.554201087105846,2.512070717892294,2.16639834260669,2.926700193076014,2.905911488270403,3.2328898502099848,2.144565951001635,1.7728831747898954,1.626817862792342,1.8639548499441563,2.626184509547218,2.3001675655792213,1.4014968033476431,2.672532484449126,2.157377164194208,3.098650505892784,2.132436059365027,1.3749080248884864,1.6960202846464327,2.617352742658859,1.3699597742149292,2.310424676239622,2.719698621871262,1.815743363809404,1.621791252143657,2.176207604655107,2.2240027737189125,2.4454055704604927,1.4199987600784612,2.0078398733235763,2.5514354204090064,0.8989442911236198,1.899124849938788,2.037761638388538,1.457566780365368,1.7193098544212446,2.141981233978893,1.7551526716005479,2.806647681359699,1.7063188267526175,1.767372481448722,1.2850947897264118,1.4423419088290408,2.1917213373802507,2.0014893779532215,2.125130535930785,1.7403799636030028,1.8247259177316515,2.905827414124918,1.904980150527753,1.6409372356344762,2.4828011690992593,2.2217669978434227,1.5716651464013922,2.6916884257516314,2.6562566657607745,2.0140475368576447,3.0650339514776954,1.156757170571705,2.947041591544407,1.8865147801029152,1.6379107516902334,2.274824870914359,1.997106236886847,1.3575159912868204,1.6941673875119392,0.0
16,0.5630283865376817,1.5823705209117664,1.5281341953582825,2.4024761193922846,1.5948374783861514,1.435664221888567,1.6953337338126473,2.257026235747359,2.76154697753559,1.5015941007247375,1.625999633249716,1.2197522423729952,1.7042387962762373,1.3696311523438491,3.2487760320427768,1.6799787761503933,1.953932028006071,1.3482650177637279,1.2709307618254184,1.751277806650102,1.6594080399414861,1.3673203034503303,2.3486217386347397,1.8231725709305469,1.2276509601283028,1.9296601562295708,1.529635849722784,0.9407389872083715,1.9882339603319137,2.5964020269840677,1.3450811618325937,1.9929745405886194,1.3280299396693522,2.1066246738466066,2.593978374301367,1.4968086836237007,1.839752856783646,1.3690897292101067,1.893563284680924,1.6193659982463193,1.6372916854098054,1.8400611299270797,1.832353082363516,1.5409879683435952,2.6537815189191067,1.2828530910812015,2.261759457528007,1.5739832407652738,1.0302366135649565,2.3040346362739577,1.5876479886199695,1.089040386341753,1.841165185531127,1.3648355393676204,2.300819907036412,1.281084701258043,1.8466306152624927,2.432230219515805,2.277115479694044,1.7985107920151213,1.5443201323045728,1.8612578640619437,1.253736390165591,1.6955427426552574,2.807380367459621,1.5816738407524034,1.2568120693856164,1.0154955702099222,1.7897598124855352,1.3929105946875808,1.1862896203887794,1.6110054227678008,1.4749815057037037,1.4618333860643529,1.5217979731131424,1.7486517819864669,2.1535378638714238,1.8802148934937515,1.151131921710156,1.3070462752279157,1.522566175494805,1.844731257761305,1.3465119642528303,2.051790293002628,1.1011400148697141,1.617930600585782,1.3431896190220385,1.364425361443566,2.241640618439203,1.6671529543722226,1.3495388843363305,1.4794548362271775,1.4329970221518897,1.6693141271211214,1.4076389081803478,2.6714823218619013,1.8600388241526318,1.9134640881448932,1.5083308422003572,2.2658123257630076,1.3677142431848532,2.0338172954699623,1.4280303620046504,2.027282660022936,1.4122511822747894,1.6415892649561612,2.870233788435134,2.0249320555424584,2.0158338160752023,2.053361339079956,1.162210157593091,1.2470141946270372,1.328718334519913,2.426881499146921,1.3460468410344053,2.06491690909533,1.2701688620778375,2.872299797127619,2.2819258652525827,2.328858658094002,1.649647482742736,1.038515953423956,1.68990441420927,1.5727348016505707,0.9275538035735335,1.6075173832857592,2.391656502687058,1.774948324003939,1.899736809818447,1.51045830314502,0.954332694924839,1.643670266192167,1.3625058358485718,1.1533141407056369,1.2877398507219473,2.27907774777056,1.3651590275276924,1.5030873213639042,1.937153747686146,1.8594951056450808,1.6194973480841843,1.4429959000504788,2.1078615338589377,1.4773445896944937,1.5940542651076184,1.3527724615204573,1.4442676995915429,4.320639073751089,1.2848275427757043,1.9928605533976396,2.1622444525474647,1.9721765498329342,2.3182219555387853,2.8488972838785016,1.5890605566575706,1.545452146192269,0.0
17,2.0019747028363772,2.45460057671313,2.24875145048676,2.6628883662928127,0.9470095453343541,2.166154039304878,2.2495881330436562,1.905866919995609,1.907035977768202,1.5734051295923217,1.5991765994216576,1.8861554544954573,1.5180921450617213,2.1677239819881975,2.1647063794100108,2.1528922508311195,2.8001117702429585,1.2508515374973261,1.2589504632243163,2.309961330403016,2.24436460300614,2.4154496316996323,2.7916856929886187,1.962182252154738,0.9978271782546191,1.5316206273806436,1.9021684364549465,1.881023111924386,0.0,2.719028445282066,1.5596847913026863,2.1194953674183026,1.7099619196982911,2.0047467550909746,1.7682885352968203,2.6435953612560295,1.2002619523246902,1.97254004833342,2.7792433884398626,2.619688592247904,1.4514336942544162,0.060754955518748766,1.9765691447343205,2.0387253653462043,1.4204672643101317,2.030555386159893,1.7776665958903837,2.6318178333740576,2.360892453321401,1.4137332363558417,2.229071302014982,1.3883323556859342,2.132379415856363,1.9613161850847043,2.440784184109972,1.6764484541716738,1.8125816331872373,2.600692000177856,2.306165271341078,2.350292172836047,1.543476445399072,2.316646279652118,0.10921570233398281,2.3204974903664697,3.2287925265175783,1.3300056760717416,2.0078003546533956,2.0216094470891584,1.5276719141006239,2.486668802942141,1.9819822810509442,0.281067455499346,2.0089357723113523,1.675907696846961,2.334176832797051,2.1867075989688995,1.1006607414566787,0.6399809327087977,2.567852791820964,1.536130414619944,1.750577540015434,0.5058497346429274,2.2923983050317984,1.3227691287080472,2.2858735842133573,0.6654372472918533,1.3422142047103587,1.7733952424517518,1.4688752992172973,2.5240809624643665,0.45927006109510127,1.8062555154798543,2.428583532984907,1.8719494105645789,0.34400174301090014,2.8618599389727573,1.868604686879345,1.8450813496520357,1.789664597489319,1.9140322278426198,0.49710438194781603,1.3482560580591874,2.0215229174277076,0.9552352245083858,1.8539192050731228,1.5564442945970454,3.06338538907995,3.2495907897177845,2.324275937035845,2.4447560278935203,2.3526866890337446,1.7184495039697771,0.47578554798827466,2.4157697071592397,2.308810943430967,2.368265650965874,0.9589650246945585,1.4341775082829278,1.9205929666150399,1.7481868273439292,0.3684094634670898,2.466590130271787,2.0391017013335353,2.089069613152492,1.405485080192492,1.891129732276494,2.3504523096955228,1.9220781575783055,0.5682707484554488,2.2414260477631855,2.1789637707182132,2.4385093105524205,1.7133485998701183,2.0230183903499004,2.2049958346564322,1.5940187211431223,2.1784256147381624,2.287148044967639,1.1846666561561918,1.5571953003573902,2.089267115213642,0.46977713006533484,0.8218528806678693,1.803308297356259,2.269479632030801,1.6051607619732664,2.2051592152765824,1.5170745315588163,2.3467458389051346,1.8283534727465316,2.8849392775319664,1.9611185038671892,1.9038744296464858,3.047474132093727,2.1849300290508853,1.839107097552724,2.2762719375892493
18,1.5725629814280737,1.2401520153288033,1.2467050784872695,1.539271181354595,2.275500063230522,1.4547443461611662,1.939882717095002,1.0551107706524734,1.2774438179665848,1.1364284195424497,0.7922496689403455,1.0375027424594894,1.4703973654728117,1.1203635092202244,0.559292451199791,1.4594274251500612,0.7381179263396042,1.4899029509986117,0.8429773465036907,0.9297577522416636,0.8464688896776076,1.6884230306336754,1.072027720284404,1.290448230483346,1.5841410069096085,0.9672379350547761,0.26973248409153083,0.3196872993573183,2.6667771099594306,1.6803700977192433,0.9770292699305162,1.074315481765943,1.2643643039127521,1.9417689995091079,0.752070772176835,1.0958408559274242,2.0519512133225266,1.0772138794638773,1.3299301351612711,1.9771667859276212,0.8403140889641321,1.4923418845107066,0.9755052935745577,1.212286281693612,0.8626485699238817,1.338119145370436,0.07080619357863371,0.7314907614806404,1.0466338647195765,1.3843084270574957,0.6297105698642204,1.2179322612806167,1.1279986907300965,0.7162908110879971,1.8524847819325028,1.5315794320268488,1.3464583171641222,0.5260902369597318,0.46601267132400426,1.032500379846292,1.1148354642544727,0.9051309056111696,1.8444230689175165,1.045351805664812,1.7159329431555164,0.8989062785237758,0.8458400499778036,0.2534625630894045,0.881210839392243,1.5876150626075256,1.562578016976917,1.863323402694827,1.0958890227528704,1.5068878760627993,1.3028627657988212,0.8809764802270936,0.0,1.999248473653283,0.8916383333814727,0.8656591820099766,0.6042664084011016,2.5445474064967364,1.1954851244469133,1.9466447377265514,1.5056659852075307,1.7413214157186194,1.3214029205349698,1.3542902534993022,1.1774659453144625,0.8498649583036573,1.465302908668959,0.5460100532004758,0.3066961020688258,1.5246638736315181,2.0091078311561126,1.8114474525925357,0.8933666863897147,0.9325699007070427,1.2453127655596108,1.2173140094970756,2.3542884970198963,0.8773497715749665,1.2758520882961892,2.1227942711636936,1.6528685214509953,1.0431243152068932,1.1391477082057149,1.3083346736264192,1.1271198277102805,1.6206472193253678,0.8426735818226219,0.059872119158286274,1.6339567000152608,1.4844157634401078,0.9443439452208793,0.8921193093762791,2.2906716178376056,0.19731796391044465,1.1791953341970833,0.6934941722149075,1.3248893114203657,1.5330821576314981,1.158515193099708,0.797933345525895,1.6247460395280204,0.7867424254106969,1.4275265411664018,1.4173428061501743,1.860396356263579,0.4561647814061941,0.653672034108592,1.588368045022214,1.9514392038185853,0.9323644761454662,0.607876256546874,0.946108886631606,0.44046423910429044,0.7487915845131059,1.2957719945103896,0.8134896349488915,1.0822925637516136,2.116162169910649,1.5109216741721152,1.2074203966632853,1.0748294772821314,0.7629869875882409,1.2880101575141356,0.8485306591631387,1.2302508932698353,1.8934201957141097,0.919640239049778,0.6569026843760924,0.8164260348278967,1.298773045706139,0.8683898567353241,0.9156072247206659,1.187049566558905
19,0.8127947124648078,1.196428750783336,0.6809005277298343,1.101441517519665,1.066568612634161,1.277565513344951,0.8155534003883391,1.4357391055444446,1.7040681986250519,0.9788319158695757,0.8565895058289167,0.4235125239968578,0.9795475358163591,0.8056025659018795,1.1931461853608676,0.6594805188058044,0.601108721086413,0.6297341706389326,1.0904840711178674,1.1477184571498578,0.9854722885046948,1.1873045436697256,0.8769197646454943,0.792385050764493,0.7740085603666437,0.9473202286463036,0.5382519929642409,0.31675599574885693,1.5969991343542471,1.0058976915740028,0.728389515695465,1.2662959986931155,0.6493679073445224,1.6317973667491221,1.8507699426454811,1.035606758722295,0.3776080001219593,0.5078856616174221,0.12039952651771368,0.512751341978589,0.992815408912672,1.4684648065017751,0.5876937832084799,0.9756205903471364,1.7572193869395805,0.8878567392248545,1.2730153032094988,0.4512816094026718,0.7788115688973034,1.0436350255994384,0.28949935822672856,1.231519063144755,1.3649125022676194,0.6254332333270807,1.3567291759380624,1.4852973156708773,0.7806012563345993,1.509615317363717,0.6698245215286309,0.8669567627493607,0.8021136607693393,1.389022417013043,0.8522879233604375,0.6036468510212041,0.1029026438493782,0.5598731551906299,0.4906940002240792,0.2918564951714512,0.220434541600127,1.191944703438543,0.7878551300129467,1.2314617407163246,0.8829214223796088,0.6547487954836242,1.1355694160456682,0.6271012449572277,2.341558464649442,1.4447155796852924,0.9579850591738115,0.801654096475161,0.7659286813597406,1.0811199351915337,0.9904780056692692,0.6812826598138059,1.0341492344826415,1.2127692506456045,1.5651966550855492,0.8934514354029229,2.257516587080258,0.8036583513728115,1.22727779485411,0.5952641523868922,0.6703278710624888,1.2837808478070827,0.664271086234775,0.6206752548981382,0.7461585955008831,1.3231829355837343,0.7629085894177772,0.97152962283015,1.364993833261973,0.44604273335389694,0.9757171487850385,0.43787546273805744,1.0045758697369604,0.8574317422903064,0.6741963641926021,0.7059063441156035,1.9939556591206515,0.725497602104721,1.1522343394618269,0.7178277502002283,0.7911384540514563,0.0,0.554998900523052,1.2864099385703607,1.0043212223598015,2.233266474756872,0.8806072829467535,2.0673620650589966,1.2093152231877726,1.1121382470754866,1.1201425926896416,0.9330778712302632,1.0072924177269502,0.9023123695795608,1.7380876313745564,0.3235126571265584,0.2889698591136435,0.6134025453470653,0.3478529202823255,1.5103573934555574,0.8476846887968886,1.4168246828959397,0.6087288587123814,2.1192000187005235,0.5658294745155203,0.6986627563503852,0.643066132004608,0.9023293165200671,0.6972836485274034,1.7243220391376362,0.5543727486239567,0.846629699318033,1.1036961511629284,1.144532435226071,0.5827357968348568,1.230525378876017,1.2909690524492115,0.8865228545747413,0.6677695427725748,1.1933549451642396,1.0154508670112208,0.7131835252300112,0.7292150401315961,0.9532416340897866,0.5098028868292375
20,0.6611596516647054,1.0396987429630395,1.4088745335729669,2.8670629290087417,1.8470083322074444,2.578856744996894,1.3127892354511748,2.2230700947140436,2.454086543084081,1.2942954055126963,2.0698394869417687,1.383789449138873,1.5795736124839443,0.9371746263848629,2.2027059458711498,1.5042598111192527,1.8111654537758997,1.5428342766258114,1.8270589902377967,1.7836857225937495,1.9162218739913068,1.371578530576571,2.5353401479774273,1.9773019943029455,1.3001548900754387,1.7070501468903165,1.4085720485590878,1.7711294406350895,2.561483994128334,3.1289387718359363,2.2650347092618595,2.5753952441695818,1.2247970254792033,1.51881005302617,2.512154579121101,1.531549129910594,1.1257578232165324,1.34483553920163,1.9203732964975715,1.338071987959884,1.8431373939173021,2.35755316401884,1.783230737459845,1.6933702951277343,2.363250917433223,1.2658865919224498,2.037870743694561,1.8669876061667658,1.5583459559225799,2.3670295682515663,1.9301854614323741,1.994679429992717,2.2477807979592574,1.7148851918188146,1.5424216531861563,1.6661059438831827,1.5762136504071353,2.3438250725215295,2.2442987252203297,1.9231730633827273,1.453147177108053,1.824376448035954,1.2334863717236866,1.8900335782262325,3.843764146322386,2.008815295916841,1.9365840870892048,1.5748661581260548,2.0898875467077804,1.05021274189908,0.9851155712302649,2.119052935205473,1.4235818743836997,1.5570344301575563,1.5123457511705913,2.1238376452923453,2.5905318020992105,1.9409843564765539,1.089219126881567,2.0420046866735215,1.7488460183869754,1.7099951969974156,1.1907237281533547,1.6096254955289429,0.8369718146078318,1.4581154839170305,1.398186618446239,1.9112912343246036,2.7851549131066355,1.9042125476478307,1.4845618856973926,1.9485176411290834,2.299063778114229,1.8209726642976904,1.7221649629071183,1.9545560115647642,2.0795834517925975,2.0020881276510427,2.3249768346534343,1.6694305224358437,1.3796072078001864,1.7130850882019943,2.1228085721058063,2.190847608970028,1.4028128476310822,2.5378750140618616,3.572165207726412,2.4036551261381978,2.062883485159074,2.68185911807732,1.539360878905153,1.4899571400283493,1.6617085394212523,3.374630393084924,1.4405350455948809,1.8243436446173642,2.095098507804671,3.6181731130690693,1.8289827546994384,2.6332654742643964,1.9527260494645642,0.6988682661383507,1.6901123059468794,1.8296874782581667,1.4690172241549218,1.7173437346096687,2.448278462199142,1.627611958095213,2.269650192964925,1.8432462530091027,1.6884209294935293,0.9503046155910394,1.516538896308888,2.155614953136851,1.3778981529794563,2.7786607837737947,1.5165157466324162,1.7749143424099534,2.355730338987797,2.1198564105691795,1.819209089144007,1.2533383086479266,2.0496342682889517,1.792256318464734,2.6792407393416355,2.150469194736138,1.7267481288186275,3.31165676028325,0.9786792391181907,1.884033530922611,1.556828474896427,1.7259356557799512,1.408767770009642,2.966314755885619,1.6659583179670785,0.6559910907854098,0.0
21,2.038059738709879,2.620787445289416,2.779186680117447,1.4579778538934534,0.5134760777291394,0.9461314637509277,1.919346518715883,1.3577336218648965,2.9010067596388414,2.3044311286637518,2.291014247158961,1.3941928165067645,0.7266214638173709,2.1227135142985265,2.7244301445008214,2.0696942621100036,1.7928474684671598,2.1158188766263013,2.368567309210999,1.9927344129098532,2.0951543677706517,2.024745377754996,2.597259121773451,1.643862422829623,2.212560260679785,2.4850792968120046,2.929404830180488,3.0649022318420136,1.1471367919704591,1.475844992607152,0.9898873311331221,1.9724230506656233,2.245593111830718,0.5604992226695922,2.9562331388901573,2.1935287297916015,0.4305841133707231,1.2694820471887234,0.6965546652381498,1.286055591587548,2.42934800848064,0.676347930899722,2.5160065429752234,1.9766494765219988,2.375088930174361,2.940679766376008,3.3119611153996122,2.2492143824810604,1.785664191273824,1.311667649682313,2.3049603627477397,2.2329366582837693,1.7646001574082788,2.011361392995662,0.33212089275123047,2.1152197424330046,1.8782544076948227,2.071121388246427,2.004670433685841,1.9924128448772676,1.7128681104389096,2.795607812204104,0.5625641535661543,1.9564381410547211,1.4085544013326206,2.4625159321745844,2.0772366263942312,2.601350220280206,2.2298061994161316,2.2926106853434334,2.8796083696817183,0.25268578339939696,2.8729792414125397,2.460691094909427,2.767026561197386,1.850648075739819,3.5453372506421523,0.6985141503606147,2.812503361157934,1.237507885726076,1.840742215422312,0.640392502162973,2.614835354229125,1.4344684521665751,2.796094027334638,1.2312111347490045,1.6518788262521475,1.228410593118952,1.6032238084266024,2.4012695582065327,1.080275102903648,2.484244197396127,2.2569450026540085,1.1570735580055913,0.0,0.9141206510148732,1.5399809379909384,2.728349977853871,1.8129078885556968,2.0173615708734434,0.7307352437549293,1.6513890339819826,1.5426770096963078,0.6124789504306427,1.4758919717603711,1.6202393055454245,2.480066167143495,3.1480096249277305,2.566591326699632,1.7188092216188227,2.0382834162190693,3.1435108770124964,0.8282690718071075,1.8329553479428973,3.0594856080702364,2.2740791005348995,1.183826094924872,2.5000886746607787,1.42293301123475,2.8419127880193265,1.4969397530922195,3.026220052641089,2.5713152982162,1.9463559824204877,2.4889842860536806,2.5752199275802194,1.5758759635499988,2.1462466432886993,0.5850454230555455,2.7971827684602144,2.8208281825329187,2.07951793658659,1.300218611857268,2.865600916298219,2.3465197554474804,2.9759761292319764,2.2985362971665877,2.643282060889809,1.8416772850599767,1.5413473765454189,2.026557938610958,1.24674956162828,0.8952220801224939,2.1300213162341524,1.9885003677673991,1.356416504028854,1.4871724022045252,3.2228853800724546,2.9348654673381502,1.7701789260655296,2.121834009297291,1.9777213754389236,2.704073077533998,2.682587513461223,2.5340132454605904,2.943955667051071,4.100967592934072
22,2.7830976000709238,2.1796771402596877,1.6408959727018275,2.1231454960593785,1.3903578071804632,2.3412315074220778,1.7006090052125489,1.6160969322346692,1.197323797847113,1.469859093601323,1.5762762045642744,1.583895099644991,1.768611520263232,1.011529499096533,1.486721470641363,1.5546341748505987,1.7386563076607116,1.1636482241923303,1.2845389928575188,1.9108887176232556,1.204845715079831,1.7692127083435412,1.0810411419113288,1.9737123763597284,1.8893966001983051,0.9477856212764044,0.794054315634696,1.630187152307055,1.209354775357624,2.20845554498873,1.4645973451193595,1.6669887748003127,1.0305721267593575,1.7486349594526314,0.9121853914165023,2.0578464102050615,1.3032301658360232,1.4728151454800134,2.175151032877589,1.704584019537999,1.6628844616192895,0.07110911048852997,1.4391820505448274,1.4431814501556177,1.193063572828775,2.0757304970705395,0.7948270686295617,1.6676367838658293,2.015092470460678,1.2376378628003826,1.7018680887686832,1.5376058158970585,1.3729637526719154,1.4785405339129243,2.058231406607686,1.8200331584047218,1.3414541994330333,1.257711941127753,1.5121600970548277,1.4755369253472084,1.617660190869252,1.586259458933683,0.0,1.718771264246156,2.547558382802406,1.3539857547886767,1.0864002291128656,1.2724816811914308,1.4336900983962606,1.9441063707153585,1.906475404611137,1.33387768790834,1.613220626670951,1.6125877267422886,1.6722223468316215,1.160513694608854,0.3567352725119102,0.3421291721773887,1.9893580267497857,1.3800952519428304,1.7812120522768549,1.2117280655948548,1.9444915668789116,1.834710335338447,2.156543145497412,0.8817357442144474,0.8736174729493551,1.0614372050411827,1.4833494571541308,1.7611999994615632,0.026470930131242465,0.9484330783231943,1.263637398628068,1.4419883403490614,0.03361463181020219,1.3358931047556641,1.907054890311695,1.4150917887856627,1.6360908160144103,1.4661587685846054,1.132455820814734,1.7520288324480389,2.0313144059458894,1.70656004558029,1.9448159064586594,1.5130434844704908,2.068671156843685,2.4772721613334836,1.9091034163728373,2.016277005249682,1.478406053120703,0.8921813472672043,1.2694803731068827,2.407006599742324,1.9113236889060685,1.812835976335365,1.7181291924778617,1.2909048523586408,1.540165092303729,0.9875046940340695,0.8233647843832913,2.288706770168373,1.4963873111338255,1.637087351721901,1.7769380404442414,1.6906499234686203,1.6320480704059561,1.6863362059417186,1.6741803577685233,1.1998510808198828,1.4749469573375167,2.4114082802608428,1.9330584975640421,1.084155197736483,0.9914531001863905,1.4822432149958813,1.6101823117719973,1.254249723020324,1.4762122188934803,1.4708178135893262,1.4807070301342848,0.8934053615648129,1.222995593652059,1.5080439785199267,1.556711543059267,1.421465321483436,1.5831871450467219,2.244029663594267,2.058264703432043,1.7112111214699182,1.082487264093599,1.2429596578904076,1.2360022227437353,1.9217405965978178,0.9177799431189188,1.1256112732963166,2.8997821860164548
23,1.4041661942610428,1.0147930382021706,0.837761989615992,1.54357109479524,2.4521569384316964,0.34355186650503433,1.2399762427162362,2.5266102918737605,0.4789755776570128,1.5392408096637107,0.3325593956413032,1.859888001182961,2.141869147180863,0.9003411348900665,2.3153549977151235,1.1890934113270561,0.5353290858277081,1.9044637283632422,1.0206445594506026,0.7124463156975209,0.6178933997987318,1.235573245224844,0.6655889980683405,1.4828408613916495,1.6983821657165084,1.2910026086323618,0.8187730590806694,0.38301518207353447,2.210201436844207,1.5588132434884563,1.3244511312400995,0.6563354805647572,1.7370645869997703,1.8333013433056262,0.597830095915502,0.47290789619651374,2.394346939086717,1.743264698987332,0.30693176845163406,1.120804666854806,1.2163935077295718,2.6190965302897045,1.0791072989216164,0.5656317779715034,1.275255893119049,1.1895066876509421,0.7004616381558905,0.2801177529855504,0.25798684701182173,1.5811319742498338,0.8677062371419462,0.8141649558533031,0.9811154653709213,0.7528883861464392,1.9830644959849013,1.0987264065724938,1.9501222867035524,0.5331341005588291,1.445808172154166,0.20174839055004523,1.9852294971314557,0.37423842335680835,3.0468638678860014,0.6558350831815266,0.9733120733536609,0.8879237186690063,0.5707444502904558,0.9075722834214719,0.8992593402588537,0.7982814456093574,1.034192240028569,2.730808581567972,0.76659790639753,1.5054153187663615,0.6303795538917328,0.2668586767474065,1.0019573643366053,2.828950557600524,0.5803187796991002,1.434048784846847,0.8189367701820816,2.7532738655333002,1.049678284769331,1.6076478920415984,0.8374465709716283,2.624543314765167,2.122224380641084,1.2549384382638973,2.451184901097653,0.2786469508016145,2.59696959837368,0.9280467095537539,0.7755098318780143,1.7672386672937583,3.1950494824373274,2.077179378550243,1.0600590341333223,0.8570201841256931,0.901732648144468,1.0952932874962216,2.182168160442172,0.49101274629707237,0.0,1.955654760842045,1.6872657967467128,1.7826533092409504,1.4197225659880433,0.9381217839135999,0.6082714146095899,0.648313353010094,0.44730662400487897,0.8046295102887211,2.2773467742774205,0.8590404439705166,0.9515961997164443,0.9492610359240351,1.9908371564915635,0.6007335194661693,1.2697234963963113,0.6188623139354297,1.9542153221928316,0.9249490976750883,0.8303466256148133,0.7793098048078821,1.3456975035681442,0.8407407984751964,0.5400969826838833,1.665628331753879,3.0642496577324625,0.6126749580101637,0.7063051666928464,1.1685873155105473,1.7903390264185437,1.2342848890863127,0.5910493080235791,0.6281553356193259,0.30529941909458536,0.3381614282276708,1.9711341551979853,1.1166433007614869,0.7633435862117526,2.0993258865531916,2.430055236232231,0.5576328523273005,0.7956615168277742,1.3326828437984324,1.6915784056865757,2.3746634135101563,1.0506536358318332,0.8128482371752287,1.2150872986418628,0.3135763236321205,1.4765204792364046,1.2782144679747498,0.27860553190726645,1.2245185164453891,0.23745214797460545
